esp32_ms,second_index,s1_rms,s1_p2p,s1_variance,s1_stvar,s2_rms,s2_p2p,s2_variance,s2_stvar,s1_abnormal,s2_abnormal,is_transient,status_str
0,0,13.259463258383203,36.46273625271565,175.8133659004141,5.303785303353282,11.429447818747708,34.300694727647645,130.63227744147673,4.5717791274990836,0,0,0,PRELIM_ABNORMAL
1000,1,11.357717746127319,30.971169789489732,128.99775240069542,4.543087098450928,11.861638651333829,36.89338789538764,140.6984714948166,4.744655460533532,0,0,0,PRELIM_ABNORMAL
2000,2,13.580872878761191,38.94866415395863,184.44010814907128,5.432349151504477,11.8534929369953,32.88931799414698,140.50529480739746,4.74139717479812,0,0,0,PRELIM_ABNORMAL
3000,3,12.23711952563088,36.71114630938435,149.74709428457652,4.894847810252352,11.964112829658813,32.88849467251378,143.13999580080662,4.785645131863525,0,0,0,PRELIM_ABNORMAL
4000,4,14.490313047150318,43.15429699710012,209.96917220441472,5.796125218860127,13.275082395964512,34.536282948430944,176.2278126196469,5.310032958385805,0,0,0,PRELIM_ABNORMAL
5000,5,11.17297461829252,29.535096615512234,124.83536182100887,4.469189847317008,11.998887731665377,31.116244586543473,143.9733067971099,4.799555092666151,0,0,0,PRELIM_ABNORMAL
6000,6,14.0831565637983,38.931473237276,198.33529880045512,5.63326262551932,11.231427701180287,30.768560887600223,126.1449682068399,4.492571080472115,0,0,0,PRELIM_ABNORMAL
7000,7,12.237492940155178,35.1127200838994,149.75623346034783,4.894997176062072,12.560495885117193,36.27148499877667,157.76605688004594,5.024198354046877,0,0,0,PRELIM_ABNORMAL
8000,8,11.218298395662663,30.66516212930481,125.85021889412747,4.487319358265065,12.808417537817105,38.60432298458764,164.0555598230608,5.123367015126842,0,0,0,PRELIM_ABNORMAL
9000,9,11.419336999134813,36.79618032563745,130.40125749980928,4.567734799653926,10.149631403349309,26.009431077337027,103.01501762385446,4.059852561339723,0,0,0,PRELIM_ABNORMAL
10000,10,11.615583230166816,33.996557899381834,134.92177377693258,4.646233292066727,12.157140076834844,38.518057922016126,147.79605484778392,4.862856030733938,0,0,0,PRELIM_ABNORMAL
11000,11,12.5089991356823,37.22983093805989,156.47505937650052,5.003599654272921,12.271290016541988,33.54624124318986,150.58455867008306,4.908516006616796,0,0,0,PRELIM_ABNORMAL
12000,12,12.6274025856426,37.345371045801514,159.4512960598934,5.05096103425704,11.172680146304009,31.219402526605915,124.82878165161577,4.469072058521603,0,0,0,PRELIM_ABNORMAL
13000,13,11.311559995273706,35.19278955922235,127.95138952667648,4.524623998109482,13.013277494642782,34.195541947556315,169.34539115257633,5.205310997857113,0,0,0,PRELIM_ABNORMAL
14000,14,11.970774489286821,34.06123324611422,143.29944187336017,4.788309795714729,11.334938854264221,24.465108011120996,128.4808388299087,4.533975541705689,0,0,0,PRELIM_ABNORMAL
15000,15,14.570724430334236,36.907532561068315,212.30601042473896,5.828289772133695,11.638134098818696,35.2389116657755,135.44616530208646,4.655253639527479,0,0,0,PRELIM_ABNORMAL
16000,16,14.073051804120853,40.60360890679631,198.0507870814692,5.629220721648341,11.309620993287744,33.87747047248298,127.90752701181486,4.523848397315098,0,0,0,PRELIM_ABNORMAL
17000,17,12.523588403608839,33.11197684872926,156.84026650300578,5.009435361443536,11.517136952339614,31.40400079519628,132.6444435789466,4.606854780935846,0,0,0,PRELIM_ABNORMAL
18000,18,12.04560417380184,32.14184164139588,145.0965799119123,4.818241669520736,10.294097404415279,29.024444884037393,105.96844137158938,4.1176389617661115,0,0,0,PRELIM_ABNORMAL
19000,19,12.144037592061913,35.76239731403864,147.4776490374129,4.8576150368247655,9.915944029146276,29.31246093472187,98.32594598916168,3.9663776116585105,0,0,0,PRELIM_ABNORMAL
20000,20,12.7362215672765,39.3762696026751,162.21133981075906,5.0944886269106,13.25395556954747,32.42343802407329,175.6673382395384,5.301582227818988,0,0,0,PRELIM_ABNORMAL
21000,21,10.772648921761913,30.227231711141542,116.04996479153812,4.3090595687047655,10.568342516849839,28.004201015140662,111.689863553456,4.227337006739936,0,0,0,PRELIM_ABNORMAL
22000,22,11.691148155091986,33.66171387205445,136.68294518431074,4.676459262036794,10.409468415598063,31.529305602540056,108.35703269533364,4.163787366239226,0,0,0,PRELIM_ABNORMAL
23000,23,9.997699111346893,33.10020234567701,99.95398752102646,3.9990796445387575,9.131270875035913,21.804690180592807,83.38010779327912,3.652508350014365,0,0,0,PRELIM_ABNORMAL
24000,24,12.479067747126335,35.663649230419445,155.72713183736874,4.991627098850534,10.797142077541547,31.112671613616218,116.5782770426182,4.318856831016619,0,0,0,PRELIM_ABNORMAL
25000,25,12.776635127643289,43.57962769994239,163.24240518492843,5.110654051057316,10.044601227251752,24.055138022434686,100.8940138145074,4.017840490900701,0,0,0,PRELIM_ABNORMAL
26000,26,11.420176245240752,33.67302242356873,130.42042547236116,4.568070498096301,13.306216676150006,38.65669664052059,177.0554022326525,5.322486670460003,0,0,0,PRELIM_ABNORMAL
27000,27,13.88878411594804,33.60630724718706,192.89832421941057,5.555513646379216,12.610798798276898,35.203312188282865,159.03224633062206,5.0443195193107595,0,0,0,PRELIM_ABNORMAL
28000,28,10.52908120439719,31.741452235625726,110.86155100879019,4.211632481758876,10.743034620304504,25.235101489136085,115.41279285306115,4.297213848121802,0,0,0,PRELIM_ABNORMAL
29000,29,10.242750143748216,29.823175557143333,104.9139305072541,4.097100057499286,13.97767938587874,42.63172034383199,195.3755210144195,5.591071754351496,0,0,0,PRELIM_ABNORMAL
30000,30,241.87028729432598,681.1060626863609,58501.23587583978,96.74811491773039,17.223646362917542,46.02243508577497,296.65399403484264,6.889458545167017,1,0,0,PRELIM_ABNORMAL
31000,31,227.55283483037098,639.1674815788487,51780.2926393381,91.0211339321484,18.340832444750976,48.92357353425959,336.3861347664301,7.3363329779003905,1,0,0,PRELIM_ABNORMAL
32000,32,242.64704185771566,678.9963492496524,58877.58692230002,97.05881674308627,18.32114796209973,51.90092188557207,335.66446264915106,7.328459184839892,1,0,0,PRELIM_ABNORMAL
33000,33,246.6682316928714,686.9981540311718,60845.21652648808,98.66729267714857,18.00609204030683,53.862969761145266,324.21935056400093,7.202436816122732,1,0,0,PRELIM_ABNORMAL
34000,34,224.05011485942836,626.7132518345413,50198.45396852304,89.62004594377134,18.8738763394927,49.79938829364436,356.22320807846233,7.5495505357970805,1,0,0,PRELIM_ABNORMAL
35000,35,242.99245255878057,677.8273058019577,59045.33200053123,97.19698102351224,20.381292549572684,57.25265868834743,415.39708599126703,8.152517019829075,1,0,0,PRELIM_ABNORMAL
36000,36,249.82135193978633,697.7582150819875,62410.70788502258,99.92854077591454,19.899108270882646,57.00395265946313,395.9745099763101,7.959643308353058,1,0,0,PRELIM_ABNORMAL
37000,37,230.32287185047036,646.6697763945788,53048.62529744819,92.12914874018816,15.030204063100193,44.16388819846997,225.90703417843355,6.012081625240078,1,0,0,PRELIM_ABNORMAL
38000,38,253.38057909470163,714.4753349782187,64201.71786236635,101.35223163788066,12.89215773019609,36.62736631038072,166.20773094025478,5.156863092078436,1,0,0,PRELIM_ABNORMAL
39000,39,243.35215207492837,682.5700403992684,59220.269919499064,97.34086082997135,19.86863982247855,54.531107985689964,394.76284839538044,7.94745592899142,1,0,0,PRELIM_ABNORMAL
40000,40,234.35990515393274,652.6200852449061,54924.56514376035,93.7439620615731,15.266242603169157,40.26270862692748,233.05816321881701,6.106497041267663,1,0,0,PRELIM_ABNORMAL
41000,41,239.55384737873834,672.0845806651278,57386.04579395586,95.82153895149534,17.55046919621463,49.39974539854009,308.01896900727866,7.020187678485853,1,0,0,PRELIM_ABNORMAL
42000,42,244.46661530017377,688.0964173004235,59763.92599632316,97.78664612006952,15.65977394788128,40.63095001811076,245.22852009874126,6.263909579152513,1,0,0,PRELIM_ABNORMAL
43000,43,240.6080431312993,671.8731720546799,57892.230419473184,96.24321725251973,14.39603912483996,31.544858099068062,207.2459424839229,5.758415649935984,1,0,0,PRELIM_ABNORMAL
44000,44,244.31004793957095,683.6660827307799,59687.39952423546,97.72401917582839,19.082925456409576,54.741870690419816,364.15804397488466,7.6331701825638305,1,0,0,PRELIM_ABNORMAL
45000,45,232.63461125536506,651.4209760992097,54118.86235393483,93.05384450214603,19.518310320605295,57.363073420953405,380.9644377714472,7.807324128242119,1,0,0,PRELIM_ABNORMAL
46000,46,241.35488659228864,673.4389875191614,58252.18128197651,96.54195463691546,16.84697919854656,40.08274444930485,283.8207081162605,6.7387916794186244,1,0,0,PRELIM_ABNORMAL
47000,47,228.69028402476016,642.27763657086,52299.24600732547,91.47611360990408,12.81791541571018,32.86097104985869,164.2989556043007,5.127166166284073,1,0,0,PRELIM_ABNORMAL
48000,48,239.1101915092104,669.1456917799658,57173.683683571275,95.64407660368417,16.907511103495036,49.19849387280169,285.8639317148079,6.763004441398015,1,0,0,PRELIM_ABNORMAL
49000,49,232.76873886828167,653.0110661629096,54181.2857943303,93.10749554731268,18.783608010805093,58.76658883938936,352.82392990358125,7.513443204322037,1,0,0,PRELIM_ABNORMAL
50000,50,234.11576045928186,652.8616527525828,54810.189295427845,93.64630418371274,15.042176862451743,42.1804763378911,226.26708476127857,6.0168707449806975,1,0,0,PRELIM_ABNORMAL
51000,51,249.8887454016835,698.3761122237436,62444.385078427404,99.95549816067341,18.36671983955831,49.24280672707586,337.33639766482486,7.346687935823325,1,0,0,PRELIM_ABNORMAL
52000,52,248.73048096475415,698.6124907747949,61866.852160957926,99.49219238590166,17.96938030165401,49.765575521316705,322.89862842547114,7.187752120661604,1,0,0,PRELIM_ABNORMAL
53000,53,244.8731049672574,684.5261944520454,59962.837536305466,97.94924198690296,19.158582999202178,57.76866165521065,367.0513025373187,7.663433199680871,1,0,0,PRELIM_ABNORMAL
54000,54,231.26149788261938,652.7130856250344,53481.88040291277,92.50459915304776,18.239160736828307,49.13175752574565,332.6669843838593,7.295664294731323,1,0,0,PRELIM_ABNORMAL
55000,55,237.4687324024416,663.7135421699926,56391.39886882241,94.98749296097664,16.05386211823689,42.553237911112525,257.7264889113614,6.421544847294756,1,0,0,PRELIM_ABNORMAL
56000,56,249.70478159983347,699.8474426567893,62352.47795382053,99.88191263993339,20.393143003328984,55.65256984277506,415.88028155422586,8.157257201331594,1,0,0,PRELIM_ABNORMAL
57000,57,241.13373530911923,677.972231361153,58145.47830412837,96.4534941236477,17.68294085394606,46.65224856627283,312.68639724415465,7.073176341578424,1,0,0,PRELIM_ABNORMAL
58000,58,258.55463631985356,719.6978844967907,66850.49996249174,103.42185452794143,17.945390920980135,50.61510552672876,322.0370553067962,7.178156368392054,1,0,0,PRELIM_ABNORMAL
59000,59,243.14654271515496,675.5278931664916,59120.24123433268,97.25861708606199,16.133464081853607,50.047734804598775,260.2886632804604,6.453385632741443,1,0,0,PRELIM_ABNORMAL
60000,60,241.53639293192026,671.7249312656663,58339.82911056298,96.61455717276812,17.11343549761698,48.88685721267563,292.8696745310969,6.845374199046792,1,0,0,PRELIM_ABNORMAL
61000,61,237.52706828638,668.8635435121455,56419.108168722625,95.010827314552,16.2303945719462,44.68804429507049,263.42570796106065,6.49215782877848,1,0,0,PRELIM_ABNORMAL
62000,62,241.06832723825826,673.3357418294457,58113.93839745197,96.42733089530331,17.654107880153155,48.5560682576822,311.6675250440857,7.061643152061262,1,0,0,PRELIM_ABNORMAL
63000,63,238.78024130895565,676.2592735220805,57016.00363956309,95.51209652358227,21.423416960284687,55.29599506270714,458.9627942542136,8.569366784113875,1,0,0,PRELIM_ABNORMAL
64000,64,245.6648694135087,686.1688915618521,60351.22806395629,98.2659477654035,15.256197714137286,45.36668293102588,232.75156869284777,6.102479085654915,1,0,0,PRELIM_ABNORMAL
65000,65,247.65361853435667,693.9837858057898,61332.31477316065,99.06144741374267,14.772877204246518,41.13054458085184,218.23790089174642,5.909150881698608,1,0,0,PRELIM_ABNORMAL
66000,66,233.7120843159364,659.0201659423254,54621.33835529937,93.48483372637457,20.942340654987216,58.097114093192324,438.5816321095304,8.376936261994887,1,0,0,PRELIM_ABNORMAL
67000,67,229.3501363715378,648.1986605047832,52601.48505364298,91.74005454861512,17.581352645696267,58.80711011148412,309.1039608523311,7.0325410582785075,1,0,0,PRELIM_ABNORMAL
68000,68,225.31035701517362,637.0535103723953,50764.756978305,90.12414280606946,16.661854522680166,47.54945138860152,277.6173961349575,6.6647418090720665,1,0,0,PRELIM_ABNORMAL
69000,69,244.06393061530034,687.0041044146203,59567.20222739014,97.62557224612014,20.079809374792152,53.968093099132474,403.1987445279908,8.031923749916862,1,0,0,PRELIM_ABNORMAL
70000,70,231.173067150609,650.3567755991396,53440.98697581998,92.46922686024361,16.788768920526273,45.72948018885693,281.8627618668289,6.715507568210509,1,0,0,PRELIM_ABNORMAL
71000,71,222.77687525638015,625.552831565468,49629.53614899676,89.11075010255206,21.652019427093872,64.0709915234531,468.80994527125046,8.660807770837549,1,0,0,PRELIM_ABNORMAL
72000,72,243.1086288362477,683.0392439699934,59101.80541464045,97.24345153449909,19.35585174267854,54.5361961111132,374.64899668455183,7.742340697071416,1,0,0,PRELIM_ABNORMAL
73000,73,259.94399613946234,726.189632041509,67570.88112895281,103.97759845578494,17.024177183708595,43.352862179431966,289.8226087823043,6.809670873483438,1,0,0,PRELIM_ABNORMAL
74000,74,239.95143270768085,669.4094149312394,57576.69005846869,95.98057308307234,22.314616426531007,65.23861279801243,497.94210626320745,8.925846570612403,1,0,0,PRELIM_ABNORMAL
75000,75,246.70792619561314,690.7720699754839,60864.8008477401,98.68317047824526,16.788570153993323,45.003564174564325,281.8560878155554,6.715428061597329,1,0,0,PRELIM_ABNORMAL
76000,76,240.65463486838053,673.3224237638906,57914.653283633554,96.26185394735222,19.484190744018616,60.175627411904756,379.6336889493007,7.793676297607447,1,0,0,PRELIM_ABNORMAL
77000,77,239.20888277447085,668.4251876205365,57220.88959821054,95.68355310978835,18.598585160812984,55.3161826474203,345.9073699840129,7.439434064325194,1,0,0,PRELIM_ABNORMAL
78000,78,247.35261186390215,694.6764755612961,61183.314595894226,98.94104474556087,20.603482578797596,56.34778553365701,424.50349437481606,8.241393031519038,1,0,0,PRELIM_ABNORMAL
79000,79,237.6778036464908,668.3637658358857,56490.73834621983,95.07112145859632,21.123022393453706,62.98751178687571,446.1820750343467,8.449208957381483,1,0,0,PRELIM_ABNORMAL
80000,80,242.13913851257522,678.2548084940862,58631.36239961209,96.85565540503009,18.064008298131533,50.782789766350504,326.3083957949649,7.225603319252613,1,0,0,PRELIM_ABNORMAL
81000,81,242.5735824495681,683.6386211019565,58841.94290241742,97.02943297982725,16.493164259307633,48.73918095142803,272.0244672845027,6.597265703723053,1,0,0,PRELIM_ABNORMAL
82000,82,234.6552763708556,653.609706495995,55063.09872868262,93.86211054834224,18.919944285878234,54.43004245234248,357.96429178073646,7.567977714351294,1,0,0,PRELIM_ABNORMAL
83000,83,247.93633879629218,693.6407702517789,61472.42809570978,99.17453551851688,16.64456926049579,44.06572396441559,277.04168586744134,6.657827704198316,1,0,0,PRELIM_ABNORMAL
84000,84,238.60032194643674,665.9304344882144,56930.11363294326,95.4401287785747,22.026774495053246,59.7443190891967,485.1787946559282,8.810709798021298,1,0,0,PRELIM_ABNORMAL
85000,85,233.95403872405726,649.4716985761411,54734.49223529768,93.5816154896229,18.273070662165473,54.254480306806805,333.90511142449253,7.3092282648661895,1,0,0,PRELIM_ABNORMAL
86000,86,244.29207874856323,683.769778438449,59678.61973929422,97.7168314994253,17.269356897375783,47.34987331633257,298.23068764894055,6.907742758950313,1,0,0,PRELIM_ABNORMAL
87000,87,232.8122561456717,651.5090746827309,54201.54661163785,93.12490245826869,18.369360611729817,50.22326432311749,337.43340928377086,7.347744244691928,1,0,0,PRELIM_ABNORMAL
88000,88,240.22544925895303,677.1716071547949,57708.26647166582,96.09017970358121,15.305747420940607,39.99072504058564,234.26590411363006,6.122298968376243,1,0,0,PRELIM_ABNORMAL
89000,89,239.92704802684636,673.6881695288341,57564.988374876644,95.97081921073855,16.056771922978697,46.229758581120734,257.819924586557,6.4227087691914795,1,0,0,PRELIM_ABNORMAL
90000,90,248.68716452665262,693.2515002016397,61845.30580030639,99.47486581066106,20.40082781588885,63.30989264221821,416.1937755735442,8.16033112635554,1,0,0,PRELIM_ABNORMAL
91000,91,243.79758586303961,688.1955181155134,59437.26287264617,97.51903434521586,16.686211442057207,43.51879329499736,278.42965228904086,6.674484576822883,1,0,0,PRELIM_ABNORMAL
92000,92,239.79978433003885,675.1024972106848,57503.93656473314,95.91991373201554,15.90617803463612,44.60995686699941,253.0064996695406,6.362471213854448,1,0,0,PRELIM_ABNORMAL
93000,93,246.5421303936023,692.0642582124923,60783.022059015995,98.61685215744092,19.073305505054574,57.6419170803991,363.7909828891451,7.62932220202183,1,0,0,PRELIM_ABNORMAL
94000,94,251.1216603921385,702.4611968014383,63062.08831810454,100.4486641568554,20.371408309325993,56.80101909237563,414.9942765052761,8.148563323730398,1,0,0,PRELIM_ABNORMAL
95000,95,244.4624824508149,681.6166331521111,59761.905326014974,97.78499298032597,19.437906621330132,55.78325392847357,377.8322138195498,7.775162648532053,1,0,0,PRELIM_ABNORMAL
96000,96,240.08282095874705,671.1152783562786,57639.76091950979,96.03312838349882,19.992095371611633,52.79068645607193,399.6838773476153,7.996838148644653,1,0,0,PRELIM_ABNORMAL
97000,97,229.50531014119872,645.8811142544689,52672.68738300781,91.8021240564795,16.486409822861077,47.446868795633954,271.8017088473302,6.594563929144432,1,0,0,PRELIM_ABNORMAL
98000,98,231.47909069539702,653.7952128649154,53582.56942916784,92.59163627815882,15.156378666516312,41.87642747123203,229.7158142828308,6.062551466606525,1,0,0,PRELIM_ABNORMAL
99000,99,237.55820236516266,669.792697207272,56433.899510967574,95.02328094606507,21.002667303910975,61.76465843799032,441.1120338787711,8.401066921564391,1,0,0,PRELIM_ABNORMAL
100000,100,235.12390238272573,656.8803784062732,55283.24947168154,94.04956095309029,17.354640322315728,52.15515105717829,301.18354071694694,6.9418561289262914,1,0,0,PRELIM_ABNORMAL
101000,101,238.50422957611644,664.4529905132589,56884.26752569686,95.40169183044658,17.498333967089906,56.76402603390757,306.19169162381235,6.999333586835963,1,0,0,PRELIM_ABNORMAL
102000,102,240.45319939917687,673.6916170584287,57817.74110130031,96.18127975967076,20.656388283698117,59.576786713995446,426.68637692690083,8.262555313479247,1,0,0,PRELIM_ABNORMAL
103000,103,244.23754203485385,678.5597996009021,59651.976939227,97.69501681394155,19.11246001880132,54.49227700239019,365.28612797027887,7.644984007520527,1,0,0,PRELIM_ABNORMAL
104000,104,239.43600977552728,671.3903305140307,57329.6027772264,95.77440391021092,18.911775544163216,53.536124428389016,357.6552542328099,7.5647102176652865,1,0,0,PRELIM_ABNORMAL
105000,105,243.8920131506096,682.4548290628109,59483.31407865713,97.55680526024385,22.330004689802166,61.464514253013995,498.6291094465867,8.932001875920866,1,0,0,PRELIM_ABNORMAL
106000,106,240.51579531848097,672.046117386142,57847.84779768143,96.2063181273924,16.712963539239713,47.811749440256264,279.323150263956,6.685185415695885,1,0,0,PRELIM_ABNORMAL
107000,107,224.19626746916902,622.9654397118728,50263.966347107176,89.67850698766762,19.855680256162476,54.709700486837846,394.24803843496034,7.94227210246499,1,0,0,PRELIM_ABNORMAL
108000,108,232.48531684944996,652.499687498169,54049.42255058914,92.99412673977999,18.11402624979417,51.224656428232514,328.11794697823217,7.245610499917667,1,0,0,PRELIM_ABNORMAL
109000,109,238.84729955422708,667.1743362328501,57048.03250434668,95.53891982169084,18.537184557726516,55.85690936845812,343.6272113272144,7.414873823090606,1,0,0,PRELIM_ABNORMAL
110000,110,230.32244205727113,641.3930872532283,53048.42731522502,92.12897682290846,21.056936852825064,55.939795492071255,443.3945896238623,8.422774741130025,1,0,0,PRELIM_ABNORMAL
111000,111,244.79942983996963,676.82161691207,59926.76084997421,97.91977193598785,19.015671512579246,56.66351591860902,361.59576307431786,7.6062686050316985,1,0,0,PRELIM_ABNORMAL
112000,112,252.2460066587496,706.2062739293469,63628.04787528594,100.89840266349984,19.076592158099267,57.36580324469754,363.91636836645444,7.630636863239707,1,0,0,PRELIM_ABNORMAL
113000,113,249.75009481357853,704.617020268029,62375.109859391465,99.90003792543142,20.145014674619603,56.05183550796165,405.8216162406391,8.058005869847841,1,0,0,PRELIM_ABNORMAL
114000,114,238.29245703255833,672.2026573348069,56783.29507861366,95.31698281302334,17.27009454091423,41.99070001753406,298.25616545211545,6.908037816365692,1,0,0,PRELIM_ABNORMAL
115000,115,251.9258090947996,704.02097669568,63466.61328806941,100.77032363791984,16.32158066532199,43.87695990161827,266.39399541461256,6.528632266128795,1,0,0,PRELIM_ABNORMAL
116000,116,241.1893396576169,673.523514860242,58172.29756447729,96.47573586304676,15.910381611957932,48.44005215316554,253.14024303812909,6.364152644783173,1,0,0,PRELIM_ABNORMAL
117000,117,237.30331223105568,665.8555970151809,56312.8619958299,94.92132489242228,14.067286821247997,39.31979891259774,197.88855851125757,5.626914728499199,1,0,0,PRELIM_ABNORMAL
118000,118,235.0927786916725,655.2646240191181,55268.6145929717,94.037111476669,22.112414259880644,58.916853230781065,488.95886440057285,8.844965703952258,1,0,0,PRELIM_ABNORMAL
119000,119,237.58024250809498,666.1300547221243,56444.37163020522,95.032097003238,15.793583268556635,42.70770838827392,249.43727246083208,6.317433307422654,1,0,0,PRELIM_ABNORMAL
